{"cameraMode":{"drawMode":0,"name":"Shaded","section":"Shading Mode"},"sceneLighting":false,"audioPlay":false,"sceneViewState":{"m_AlwaysRefresh":false,"showFog":true,"showSkybox":false,"showFlares":true,"showImageEffects":true,"showParticleSystems":true,"showVisualEffectGraphs":true,"m_FxEnabled":true},"in2DMode":false,"pivot":{"x":-0.33227843046188357,"y":-0.124351866543293,"z":0.8787893056869507},"rotation":{"x":-0.2628350257873535,"y":0.013701403513550759,"z":-0.0009485588525421917,"w":-0.9652600288391113},"size":0.9553707838058472,"orthographic":false}