{"cameraMode":{"drawMode":0,"name":"Shaded","section":"Shading Mode"},"sceneLighting":false,"audioPlay":false,"sceneViewState":{"m_AlwaysRefresh":false,"showFog":true,"showSkybox":false,"showFlares":true,"showImageEffects":true,"showParticleSystems":true,"showVisualEffectGraphs":true,"m_FxEnabled":true},"in2DMode":false,"pivot":{"x":-0.07779812812805176,"y":0.24657730758190156,"z":-0.14311453700065614},"rotation":{"x":-0.0312180258333683,"y":-0.9681858420372009,"z":0.1570492684841156,"w":-0.19244156777858735},"size":1.0994975566864014,"orthographic":false}