{"cameraMode":{"drawMode":0,"name":"Shaded","section":"Shading Mode"},"sceneLighting":false,"audioPlay":false,"sceneViewState":{"m_AlwaysRefresh":false,"showFog":true,"showSkybox":false,"showFlares":true,"showImageEffects":true,"showParticleSystems":true,"showVisualEffectGraphs":true,"m_FxEnabled":true},"in2DMode":false,"pivot":{"x":-0.35595810413360598,"y":0.15510940551757813,"z":0.1513843536376953},"rotation":{"x":0.08949096500873566,"y":-0.7350257635116577,"z":0.09894807636737824,"w":0.6648256182670593},"size":0.7086853384971619,"orthographic":false}