{"cameraMode":{"drawMode":0,"name":"Shaded","section":"Shading Mode"},"sceneLighting":false,"audioPlay":false,"sceneViewState":{"m_AlwaysRefresh":false,"showFog":true,"showSkybox":false,"showFlares":true,"showImageEffects":true,"showParticleSystems":true,"showVisualEffectGraphs":true,"m_FxEnabled":true},"in2DMode":false,"pivot":{"x":0.02127814292907715,"y":4.431829452514648,"z":-0.0802767276763916},"rotation":{"x":-0.03886302933096886,"y":0.6776683926582336,"z":-0.035731878131628039,"w":-0.7335999011993408},"size":5.914689064025879,"orthographic":false}